URL,画像URL,名前,タンパク質,脂質,炭水化物,食物繊維,カリウム,カルシウム,鉄,亜鉛,ビタミンA,ビタミンB1,ビタミンB2,ビタミンC,ビタミンD,ビタミンE,Unnamed: 16
https://www.kurashiru.com/recipes/0fd01e41-4ae6-4ca2-8a4b-3421cf0a0fa1,https://video.kurashiru.com/production/videos/0fd01e41-4ae6-4ca2-8a4b-3421cf0a0fa1/compressed_thumbnail_square_large.jpg?1683693594,まぶして3分＆揚げて3分！簡単から揚げ,0.165978261,0.16667029,0.062927536,0.002423913,0.001720652,0.000174203,9.2754e-06,1.60507e-05,4.375e-07,7.464e-07,2.087e-06,9.8188e-06,9e-10,1.2246e-06,5.35
https://www.kurashiru.com/recipes/80d2709e-fc6a-4022-a89d-9fad974a2d82,https://video.kurashiru.com/production/videos/80d2709e-fc6a-4022-a89d-9fad974a2d82/compressed_thumbnail_square_large.jpg?1639367889,キャベツとニラたっぷりの焼き餃子,0.075878321,0.090993092,0.198671626,0.017081828,0.00214923,0.000229636,7.1124e-06,9.9216e-06,3.23e-08,2.1383e-06,8.976e-07,9.12699e-05,9e-10,5.2319e-06,2.33
https://www.kurashiru.com/recipes/3b0ebaa2-1bde-44c5-ad68-280b3669da76,https://video.kurashiru.com/production/videos/3b0ebaa2-1bde-44c5-ad68-280b3669da76/compressed_thumbnail_square_large.jpg?1711075930,簡単に作れる 焼き餃子,0.063718599,0.116649185,0.173027766,0.011862054,0.001699312,0.000187825,6.0584e-06,8.2351e-06,2.52e-08,1.7345e-06,7.773e-07,6.93742e-05,7e-10,1.13887e-05,5.58
https://www.kurashiru.com/recipes/d70b6d20-e200-460e-8a98-407117ab8724,https://video.kurashiru.com/production/videos/d70b6d20-e200-460e-8a98-407117ab8724/compressed_thumbnail_square_large.jpg?1710300694,簡単 デミグラスソースのハンバーグ,0.084539428,0.11042568,0.086972087,0.005715283,0.00224276,0.000203226,1.14014e-05,2.2339e-06,4.878e-07,1.4678e-06,1.2997e-06,3.1141e-05,5.2e-09,5.7449e-06,7.87
https://www.kurashiru.com/recipes/698e0688-4780-4e39-a33e-85f520431c93,https://video.kurashiru.com/production/videos/698e0688-4780-4e39-a33e-85f520431c93/compressed_thumbnail_square_large.jpg?1710300694,サッパリ おろしポン酢ハンバーグ,0.076581895,0.125949603,0.042654845,0.007321512,0.002042448,0.000252808,8.965e-06,2.3084e-06,3.384e-07,1.3229e-06,1.1349e-06,3.68393e-05,4.6e-09,8.0905e-06,3.9674
https://www.kurashiru.com/recipes/207651df-ef82-43a5-9471-afdd0240b802,https://video.kurashiru.com/production/videos/207651df-ef82-43a5-9471-afdd0240b802/compressed_thumbnail_square_large.jpg?1713507727,初心者さんでも簡単 とろとろ卵のシンプルオムライス,0.028020281,0.094427457,0.136618565,0.007834633,0.001437036,0.000183331,4.8183e-06,4.6115e-06,5.439e-07,7.443e-07,6.689e-07,5.72231e-05,4.3e-09,7.0811e-06,7.991
https://www.kurashiru.com/recipes/03d7e213-ae17-4a58-bae7-5dd4ed3c845c,https://video.kurashiru.com/production/videos/03d7e213-ae17-4a58-bae7-5dd4ed3c845c/compressed_thumbnail_square_large.jpg?1701414337,きのこデミグラスをまとったドレスオムライス,0.025364103,0.043492308,0.1124,0.007720513,0.001591538,0.000145949,4.3974e-06,4.1564e-06,5.76e-07,4.433e-07,9.646e-07,1.88205e-05,6.8e-09,5.0436e-06,7.6
https://www.kurashiru.com/recipes/6fbff932-13ad-49d7-b5b9-3d49f5eebbd1,https://video.kurashiru.com/production/videos/6fbff932-13ad-49d7-b5b9-3d49f5eebbd1/compressed_thumbnail_square_large.jpg?1639367889,明太子ソースでとろとろオムライス,0.045075876,0.167853186,0.123227869,0.000978562,0.000585126,0.000186692,3.1695e-06,6.0926e-06,7.29e-07,5.221e-07,1.0467e-06,7.35975e-05,7.2e-09,1.92464e-05,4.5309
https://www.kurashiru.com/recipes/eb59ea7a-801d-4e6e-846f-d49601fdf2cf,https://video.kurashiru.com/production/videos/eb59ea7a-801d-4e6e-846f-d49601fdf2cf/compressed_thumbnail_square_large.jpg?1650613530,シーフードミックスで簡単マカロニグラタン,0.027216184,0.034219962,0.029260919,0.00319438,0.0002134,0.000463987,2.1095e-06,1.4627e-06,2.039e-07,9.39e-08,2.799e-07,5.4039e-06,1e-10,1.9109e-06,5.8014
https://www.kurashiru.com/recipes/510cc4eb-3923-42bd-ad4a-65e5b4771a89,https://video.kurashiru.com/production/videos/510cc4eb-3923-42bd-ad4a-65e5b4771a89/compressed_thumbnail_square_large.jpg?1639367889,鶏肉とほうれん草のクリームグラタン,0.122202231,0.147355177,0.02393496,0.00806504,0.00203675,0.000465984,9.453e-06,1.19602e-05,9.406e-07,6.823e-07,1.7944e-06,7.28425e-05,7e-10,5.4449e-06,2.4344
https://www.kurashiru.com/recipes/42eac0f9-3e0d-4536-9ab3-233e83733326,https://video.kurashiru.com/production/videos/42eac0f9-3e0d-4536-9ab3-233e83733326/compressed_thumbnail_square_large.jpg?1702962373,鶏もも肉とカボチャのとろーりグラタン,0.123382441,0.134197507,0.04029361,0.011311704,0.002193599,0.000812606,6.9035e-06,1.00605e-05,7.423e-07,6.634e-07,1.7862e-06,4.82742e-05,7e-10,6.7022e-06,2.5639
https://www.kurashiru.com/recipes/4afa40f9-5ca9-4a86-9125-f6dbe8326cb5,https://video.kurashiru.com/production/videos/4afa40f9-5ca9-4a86-9125-f6dbe8326cb5/compressed_thumbnail_square_large.jpg?1639367889,みんな大好き！昔ながらのポークカレー,0.042373857,0.138893967,0.097999086,0.038113346,0.002476508,0.000157852,7.8245e-06,4.22559e-05,9.717e-07,0.0010023174,4.935e-07,8.3293e-05,1.1e-09,7.3373e-06,11.134
https://www.kurashiru.com/recipes/38d5cd9b-3710-4fe3-828f-71d2622e1f44,https://video.kurashiru.com/production/videos/38d5cd9b-3710-4fe3-828f-71d2622e1f44/compressed_thumbnail_square_large.jpg?1697175736,レトルトカレーリメイク 焼きカレー,0.065953608,0.102522337,0.07178866,0.003376289,0.000292852,0.001116718,2.1117e-06,2.366e-06,6.507e-07,1.897e-07,9.184e-07,0.0,4e-09,5.6615e-06,1.929
https://www.kurashiru.com/recipes/8b8f40bb-a263-479c-a439-4a6b7ed35581,https://video.kurashiru.com/production/videos/8b8f40bb-a263-479c-a439-4a6b7ed35581/compressed_thumbnail_square_large.jpg?1702962673,自宅で簡単 野菜たっぷり長崎ちゃんぽん,0.047180749,0.031804308,0.114200981,0.018839929,0.001656987,0.000237971,4.3952e-06,5.0761e-06,1.3411e-06,0.0013964102,5.746e-07,4.4286e-05,1e-09,3.8216e-06,3.5794
https://www.kurashiru.com/recipes/57e1678d-6842-43ba-a370-20ad99dbc9ff,https://video.kurashiru.com/production/videos/57e1678d-6842-43ba-a370-20ad99dbc9ff/compressed_thumbnail_square_large.jpg?1639367889,お家で簡単お店の味！味噌バターラーメン,0.060415352,0.044907843,0.168029593,0.021442124,0.001454216,0.000332916,7.9352e-06,5.61e-06,1.76e-07,6.078e-07,7.696e-07,3.84292e-05,1.3e-09,3.807e-06,9.1019
https://www.kurashiru.com/recipes/fdf4cc7f-7275-45e7-b49b-df889fc19df6,https://video.kurashiru.com/production/videos/fdf4cc7f-7275-45e7-b49b-df889fc19df6/compressed_thumbnail_square_large.jpg?1714531218,基本のチャーハン,0.046638701,0.06211908,0.109889039,0.001657645,0.000794587,0.000196536,6.2991e-06,5.8227e-06,6.853e-07,2.989e-07,1.318e-06,6.2788e-06,1.24e-08,4.4465e-06,3.903
https://www.kurashiru.com/recipes/ad8e4778-e505-4d9c-abf2-879b21cdfc88,https://video.kurashiru.com/production/videos/ad8e4778-e505-4d9c-abf2-879b21cdfc88/compressed_thumbnail_square_large.jpg?1714531218,ぱぱっと簡単！レタスチャーハン,0.037183575,0.072144928,0.096463768,0.002608696,0.001057488,0.00014372,4.1063e-06,4.9082e-06,3.807e-07,1.3903e-06,9e-07,3.55652e-05,1.56e-08,2.2657e-06,4.502
https://www.kurashiru.com/recipes/8254d28b-fe36-4fd3-a2f3-b84b2bc2c224,https://video.kurashiru.com/production/videos/8254d28b-fe36-4fd3-a2f3-b84b2bc2c224/compressed_thumbnail_square_large.jpg?1692857533,クリーミーかぼちゃサラダ,0.013444219,0.085971602,0.106606491,0.029208925,0.004000041,0.000264158,5.2394e-06,2.0487e-06,7.833e-07,6.844e-07,7.584e-07,0.0001298174,6e-10,2.42028e-05,0.2655
https://www.kurashiru.com/recipes/ded0d347-2d6e-4304-b19c-8e26b195efc6,https://video.kurashiru.com/production/videos/ded0d347-2d6e-4304-b19c-8e26b195efc6/compressed_thumbnail_square_large.jpg?1647414963,簡単！コールスローサラダ,0.03956425,0.065052718,0.035598023,0.01330313,0.001596474,0.000332018,4.1491e-06,4.5428e-06,6.28e-08,2.01e-06,7.427e-07,0.0002999176,1.5e-09,1.05848e-05,1.5725
https://www.kurashiru.com/recipes/90c07abb-e8fc-4ec4-b0f9-00acecdf1e71,https://video.kurashiru.com/production/videos/90c07abb-e8fc-4ec4-b0f9-00acecdf1e71/compressed_thumbnail_square_large.jpg?1639367889,簡単！ひんやり美味しい冷やしトマトサラダ,0.004967427,0.114400651,0.055439739,0.010260586,0.001619316,9.35179e-05,2.0717e-06,1.1971e-06,2.419e-07,3.998e-07,1.409e-07,0.0001034202,0.0,1.83225e-05,0.4975
https://www.kurashiru.com/recipes/0732d9bb-2d9f-42b9-9ff9-b52e6ad0c6fc,https://video.kurashiru.com/production/videos/0732d9bb-2d9f-42b9-9ff9-b52e6ad0c6fc/compressed_thumbnail_square_large.jpg?1639367889,カリカリウインナーのポテトサラダ,0.031461538,0.06319275,0.059474801,0.055595049,0.002953439,0.000324934,7.3758e-06,3.4801e-06,1.275e-07,1.0169e-06,5.085e-07,0.0002137931,6e-10,3.8108e-06,2.9065
https://www.kurashiru.com/recipes/04e2908e-af5c-4a19-b657-c92b68e6bfe7,https://video.kurashiru.com/production/videos/04e2908e-af5c-4a19-b657-c92b68e6bfe7/compressed_thumbnail_square_large.jpg?1639367889,簡単シンプルポテトサラダ,0.011463276,0.017853483,0.054345796,0.064222813,0.003351945,0.00016079,6.6504e-06,2.0907e-06,2.0103e-06,0.0020786928,4.39e-07,0.0001728914,2e-10,4.3223e-06,0.8969
https://www.kurashiru.com/recipes/b28fc2f3-2341-40e9-95ad-9054625d0629,https://video.kurashiru.com/production/videos/b28fc2f3-2341-40e9-95ad-9054625d0629/compressed_thumbnail_square_large.jpg?1701998755,基本のきつねそば,0.042968421,0.028113684,0.192126316,0.007926316,0.001014316,0.000415074,9.6021e-06,5.7326e-06,4.9e-09,4.634e-07,4.505e-07,9.7263e-06,0.0,1.4905e-06,7.754
https://www.kurashiru.com/recipes/5d6fc475-8b10-4fb9-80e2-13b885061aa3,https://video.kurashiru.com/production/videos/5d6fc475-8b10-4fb9-80e2-13b885061aa3/compressed_thumbnail_square_large.jpg?1701998755,鶏肉たっぷり肉そば,0.110822571,0.10785573,0.084150087,0.003970332,0.001132519,9.16347e-05,7.9168e-06,1.1128e-05,2.748e-07,6.277e-07,1.4478e-06,8.5049e-06,6e-10,8.54e-07,5.764
https://www.kurashiru.com/recipes/b402d5f8-955e-4580-b00c-6e1594869e15,https://video.kurashiru.com/production/videos/b402d5f8-955e-4580-b00c-6e1594869e15/compressed_thumbnail_square_large.jpg?1701998755,とろろの月見仕立てそば,0.038440104,0.028036458,0.211229167,0.013020833,0.001671328,0.000241667,1.10286e-05,6.9349e-06,5.378e-07,9.06e-07,6.448e-07,1.04167e-05,8.5e-09,4.5234e-06,4.854
https://www.kurashiru.com/recipes/8c5b41ad-79d3-438b-b5ff-af0ee2b70355,https://video.kurashiru.com/production/videos/8c5b41ad-79d3-438b-b5ff-af0ee2b70355/compressed_thumbnail_square_large.jpg?1639367889,ボリューム満点！すき焼き風炒め煮,0.087076336,0.174253435,0.044001527,0.004427481,0.00155716,0.000818626,1.76046e-05,2.20183e-05,2.015e-07,5.573e-07,1.1395e-06,1.37405e-05,3.5e-09,1.11756e-05,3.506
https://www.kurashiru.com/recipes/1acd4796-a961-48d5-b0d5-f7c413cd8e0e,https://video.kurashiru.com/production/videos/1acd4796-a961-48d5-b0d5-f7c413cd8e0e/compressed_thumbnail_square_large.jpg?1701147044,豚こま肉で簡単すき焼き風煮込み,0.053485491,0.083881696,0.030878348,0.012723214,0.001440558,0.000746116,1.0481e-05,7.7199e-06,5.938e-07,1.9133e-06,7.047e-07,5.69196e-05,5e-10,9.1975e-06,3.672
https://www.kurashiru.com/recipes/6f277fc8-860b-4b19-bde9-0785d48c7194,https://video.kurashiru.com/production/videos/6f277fc8-860b-4b19-bde9-0785d48c7194/compressed_thumbnail_square_large.jpg?1704777905,ごちそうの定番 簡単すき焼き,0.065072899,0.109374513,0.058670006,0.013628826,0.001451319,0.000657351,9.5854e-06,1.38959e-05,1.0324e-06,4.679e-07,1.1438e-06,1.31441e-05,5.2e-09,6.7123e-06,3.896
https://www.kurashiru.com/recipes/fa07cb84-c0b9-49d6-a896-a76fbe9ac31f,https://video.kurashiru.com/production/videos/fa07cb84-c0b9-49d6-a896-a76fbe9ac31f/compressed_thumbnail_square_large.jpg?1639371177,ホッとする味！基本のビーフシチュー,0.098939549,0.121020492,0.092970287,0.035655738,0.002912398,8.73463e-05,1.53689e-05,2.04918e-05,1.0605e-06,0.0011224898,9.401e-07,9.6396e-05,0.0,6.1629e-06,7.65
https://www.kurashiru.com/recipes/ce68d105-480f-48cf-859b-9cbb8dc8a5cd,https://video.kurashiru.com/production/videos/ce68d105-480f-48cf-859b-9cbb8dc8a5cd/compressed_thumbnail_square_large.jpg?1688710986,濃厚！簡単クリームシチュー,0.110204673,0.115104048,0.037250536,0.03089148,0.002249327,0.000814019,7.6186e-06,9.4901e-06,8.349e-07,0.0003337689,1.557e-06,8.77849e-05,6e-10,1.8757e-06,4.6939
https://www.kurashiru.com/recipes/dd87d906-56b8-4741-a965-f2f23696a36c,https://video.kurashiru.com/production/videos/dd87d906-56b8-4741-a965-f2f23696a36c/compressed_thumbnail_square_large.jpg?1639367889,鍋一つで簡単トマトシチュー,0.045144109,0.032374914,0.059583583,0.040228268,0.002822608,9.54e-05,5.972e-06,2.8264e-06,2.639e-07,6.39e-07,4.258e-07,0.0001375421,2e-10,4.8679e-06,1.8104
https://www.kurashiru.com/recipes/943bb7e9-f3f3-4d70-8706-678c826a3655,https://video.kurashiru.com/production/videos/943bb7e9-f3f3-4d70-8706-678c826a3655/compressed_thumbnail_square_large.jpg?1710299038,定番 豚肉の生姜焼き,0.11888419,0.184725815,0.068868988,0.007192371,0.002119149,0.000235829,4.5188e-06,1.10478e-05,9.27e-08,4.1061e-06,1.0241e-06,9.65451e-05,4e-10,1.02184e-05,3.267
https://www.kurashiru.com/recipes/de1365ff-624a-435d-816e-bc16bb2cee30,https://video.kurashiru.com/production/videos/de1365ff-624a-435d-816e-bc16bb2cee30/compressed_thumbnail_square_large.jpg?1714536556,漬けずにできる！豚のしょうが焼き,0.119274266,0.184782167,0.076959368,0.005318284,0.002124515,9.57562e-05,3.93e-06,1.09605e-05,8.38e-08,4.1767e-06,1.0032e-06,4.47856e-05,5e-10,1.01851e-05,3.7645
https://www.kurashiru.com/recipes/6c7fa4a1-5235-4061-8bf5-0872e2f47068,https://video.kurashiru.com/production/videos/6c7fa4a1-5235-4061-8bf5-0872e2f47068/compressed_thumbnail_square_large.jpg?1639367889,サクサク牛肉コロッケ,0.050924542,0.07545189,0.080116552,0.03954181,0.00270819,0.000206877,1.15709e-05,1.15998e-05,3.418e-07,1.0149e-06,1.0091e-06,0.0001542068,5.3e-09,8.2257e-06,3.632
https://www.kurashiru.com/recipes/b3416d26-c3f3-4c23-96c2-a42207f24b40,https://video.kurashiru.com/production/videos/b3416d26-c3f3-4c23-96c2-a42207f24b40/compressed_thumbnail_square_large.jpg?1705633675,定番のコロッケ,0.051866744,0.041986117,0.058082247,0.032031973,0.002800867,0.000157336,8.7487e-06,2.5739e-06,4.955e-07,3.43e-06,1.0316e-06,0.0001947181,4.4e-09,4.0774e-06,0.966
https://www.kurashiru.com/recipes/4f9ecd73-23b8-4cca-8bd0-40f4e47a40ac,https://video.kurashiru.com/production/videos/4f9ecd73-23b8-4cca-8bd0-40f4e47a40ac/compressed_thumbnail_square_large.jpg?1639367889,とろっとろ！カニカマクリームコロッケ,0.055070079,0.106652155,0.187535145,0.008898917,0.001429539,0.000480304,6.9018e-06,3.9044e-06,4.821e-07,4.419e-07,7.598e-07,2.52793e-05,7e-09,1.56995e-05,6.8654
https://www.kurashiru.com/recipes/7b508edf-12cb-4cf7-8834-b166e07da025,https://video.kurashiru.com/production/videos/7b508edf-12cb-4cf7-8834-b166e07da025/compressed_thumbnail_square_large.jpg?1646791913,手作り煮あげで きつねうどん,0.036691892,0.018618919,0.180183784,0.008810811,0.000481622,0.00025427,5.0459e-06,3.1865e-06,0.0,1.949e-07,2.649e-07,0.0,0.0,1.2757e-06,6.76
https://www.kurashiru.com/recipes/91019dd0-d7cb-42ed-aa05-25dd4ff7e279,https://video.kurashiru.com/production/videos/91019dd0-d7cb-42ed-aa05-25dd4ff7e279/compressed_thumbnail_square_large.jpg?1639367889,簡単に本格的なカレーうどん,0.115954545,0.096608696,0.156189723,0.015475296,0.001805988,0.000201957,1.02342e-05,1.02658e-05,1.98e-08,3.0687e-06,9.209e-07,5.0395e-06,4e-10,1.5652e-06,4.4535
https://www.kurashiru.com/recipes/735a08b5-301c-438e-b61e-0a53b1dca6ac,https://video.kurashiru.com/production/videos/735a08b5-301c-438e-b61e-0a53b1dca6ac/compressed_thumbnail_square_large.jpg?1639367889,野菜たっぷり ブリしゃぶ,0.057523438,0.034365234,0.068397135,0.013457031,0.002604414,0.000158867,7.2767e-06,3.8158e-06,1.9681e-06,0.0014269174,1.6666e-06,0.0001216309,2.13e-08,1.1013e-05,12.318
https://www.kurashiru.com/recipes/80fa9f69-42a3-41e5-b806-9f0b98fea7ab,https://video.kurashiru.com/production/videos/80fa9f69-42a3-41e5-b806-9f0b98fea7ab/compressed_thumbnail_square_large.jpg?1708490552,ごまだれ冷しゃぶうどん,0.078427522,0.081520374,0.097377422,0.007312625,0.001334549,0.000222766,3.9552e-06,7.4876e-06,7.57e-08,2.6424e-06,6.851e-07,2.9352e-05,3e-10,2.9646e-06,6.162
https://www.kurashiru.com/recipes/73eebe21-2a57-4d91-9b63-40159e53d5f0,https://video.kurashiru.com/production/videos/73eebe21-2a57-4d91-9b63-40159e53d5f0/compressed_thumbnail_square_large.jpg?1639367889,ささみシソ天ぷら,0.153126761,0.00871831,0.299760563,0.011887324,0.002470423,0.000638592,6.4648e-06,1.68451e-05,4.299e-07,1.0225e-06,4.3563e-06,1.09859e-05,0.0,3.3099e-06,0.336
https://www.kurashiru.com/recipes/de4804eb-7ccb-4456-af9b-a82b133baf4e,https://video.kurashiru.com/production/videos/de4804eb-7ccb-4456-af9b-a82b133baf4e/compressed_thumbnail_square_large.jpg?1639367889,さくさくとり天！のり塩風味,0.140701493,0.064911126,0.202527137,0.007476255,0.001958779,0.000377422,9.1296e-06,6.0699e-06,5.395e-07,7.056e-07,2.7593e-06,1.11262e-05,3e-10,1.8182e-06,1.6545
https://www.kurashiru.com/recipes/556bcf32-451d-4daa-9968-78418733db3d,https://video.kurashiru.com/production/videos/556bcf32-451d-4daa-9968-78418733db3d/compressed_thumbnail_square_large.jpg?1710299038,ほっこり！簡単肉じゃが,0.041769369,0.097045045,0.077825225,0.041950751,0.002759922,0.000100697,6.4745e-06,1.26084e-05,1.2528e-06,0.0013158133,6.93e-07,0.0001139249,0.0,2.1033e-06,3.416
https://www.kurashiru.com/recipes/1fb57b76-e47d-4b6d-96f3-757873742da6,https://video.kurashiru.com/production/videos/1fb57b76-e47d-4b6d-96f3-757873742da6/compressed_thumbnail_square_large.jpg?1639367889,ホクホク塩肉じゃが,0.021596467,0.052714325,0.025365167,0.019279051,0.001296666,4.52884e-05,2.8004e-06,2.49125e-05,5.846e-07,0.0006052586,2.69e-07,5.12517e-05,7e-10,1.0776e-06,7.6795
https://www.kurashiru.com/recipes/224b8ebf-a88e-4deb-9d8c-8df3b180b5a3,https://video.kurashiru.com/production/videos/224b8ebf-a88e-4deb-9d8c-8df3b180b5a3/compressed_thumbnail_square_large.jpg?1639367889,とろ〜り仕上げる！基本の親子丼,0.114024633,0.114113783,0.057785337,0.000718475,0.001184575,9.61173e-05,6.7853e-06,1.17026e-05,4.248e-07,4.968e-07,1.6598e-06,8.5748e-06,3.3e-09,1.5413e-06,4.63
https://www.kurashiru.com/recipes/e3fd1786-3931-4324-81a6-1f1f5b02ed55,https://video.kurashiru.com/production/videos/e3fd1786-3931-4324-81a6-1f1f5b02ed55/compressed_thumbnail_square_large.jpg?1713835947,簡単ふわとろ！親子丼,0.102199791,0.138324268,0.061408996,0.001778243,0.001177552,9.68828e-05,6.319e-06,1.05931e-05,3.776e-07,4.763e-07,1.4837e-06,1.25523e-05,2.9e-09,5.6705e-06,4.212
https://www.kurashiru.com/recipes/a8ae4ff9-da43-4266-8805-d6de479fd4d1,https://video.kurashiru.com/production/videos/a8ae4ff9-da43-4266-8805-d6de479fd4d1/compressed_thumbnail_square_large.jpg?1639367889,かんたん麻婆豆腐,0.08158478,0.078899512,0.062593171,0.014026341,0.002320603,0.000517193,1.2472e-05,1.02835e-05,1.965e-07,2.3552e-06,1.0154e-06,6.656e-06,8e-10,5.3319e-06,4.7624
https://www.kurashiru.com/recipes/7e562e9d-c63b-4086-af60-50cd7d3db549,https://video.kurashiru.com/production/videos/7e562e9d-c63b-4086-af60-50cd7d3db549/compressed_thumbnail_square_large.jpg?1675220511,ピリ辛麻婆豆腐,0.078711624,0.138720497,0.047199645,0.009692103,0.00173913,0.000549814,1.19228e-05,9.8394e-06,2.53e-08,2.021e-06,8.034e-07,9.441e-06,7e-10,9.9255e-06,5.4
https://www.kurashiru.com/recipes/0da34803-80e6-4e2e-87be-ad4733688342,https://video.kurashiru.com/production/videos/0da34803-80e6-4e2e-87be-ad4733688342/compressed_thumbnail_square_large.jpg?1658200845,サクサク！基本のとんかつ,0.126109629,0.106735081,0.096197559,0.00711302,0.00208736,0.000284541,7.9478e-06,1.14699e-05,5.378e-07,3.5422e-06,1.6236e-06,7.88834e-05,8.6e-09,4.4123e-06,3.632
https://www.kurashiru.com/recipes/a629e26d-9e9b-4667-834a-721baabb0a44,https://video.kurashiru.com/production/videos/a629e26d-9e9b-4667-834a-721baabb0a44/compressed_thumbnail_square_large.jpg?1639367889,簡単 サクサクとんかつ,0.134806019,0.118611533,0.050300455,0.006047041,0.002141477,0.000262891,7.107e-06,1.22547e-05,5.959e-07,3.8808e-06,1.761e-06,8.82398e-05,9.6e-09,4.2393e-06,2.7185
https://www.kurashiru.com/recipes/6c656bdf-d8c9-427a-b669-f6e1d9f81fcd,https://video.kurashiru.com/production/videos/6c656bdf-d8c9-427a-b669-f6e1d9f81fcd/compressed_thumbnail_square_large.jpg?1639732878,基本のロールキャベツ,0.026916027,0.031640093,0.028915777,0.003246164,0.000729653,7.77543e-05,2.4779e-06,3.7236e-06,1.098e-07,8.384e-07,4.214e-07,4.247e-05,2e-09,1.8479e-06,4.7982
https://www.kurashiru.com/recipes/a0d4c6c1-65c9-4b43-9359-1f12b98e1cab,https://video.kurashiru.com/production/videos/a0d4c6c1-65c9-4b43-9359-1f12b98e1cab/compressed_thumbnail_square_large.jpg?1704783377,とっても簡単！逆ロールキャベツ,0.069777589,0.101765105,0.063934957,0.010161529,0.002351449,0.000132483,4.0048e-06,6.3016e-06,2.695e-07,2.159e-06,6.629e-07,9.20746e-05,2e-10,1.23687e-05,1.69
https://www.kurashiru.com/recipes/b17c2d4c-2372-4859-b2a0-1675c6e8a375,https://video.kurashiru.com/production/videos/b17c2d4c-2372-4859-b2a0-1675c6e8a375/compressed_thumbnail_square_large.jpg?1639367889,出汁香る！あったかロールキャベツ,0.088328218,0.065407108,0.053854604,0.007579429,0.00216615,0.000173212,9.5652e-06,1.1554e-06,4.49e-08,1.684e-06,1.0543e-06,9.00862e-05,1.3e-09,2.31e-07,3.673
https://www.kurashiru.com/recipes/6c3a51e9-dfe4-4267-b87c-ca195ed2a04b,https://video.kurashiru.com/production/videos/6c3a51e9-dfe4-4267-b87c-ca195ed2a04b/compressed_thumbnail_square_large.jpg?1705632352,ふわふわ卵入り豚キムチ,0.093083426,0.308124583,0.020278087,0.006652948,0.002281513,0.000299088,7.8098e-06,0.0001007575,3.809e-07,2.7816e-06,1.3617e-06,3.85095e-05,7.9e-09,1.83404e-05,6.184
https://www.kurashiru.com/recipes/e7f3dfab-9d8d-4a31-8fe5-5244d731d6f6,https://video.kurashiru.com/production/videos/e7f3dfab-9d8d-4a31-8fe5-5244d731d6f6/compressed_thumbnail_square_large.jpg?1639367889,スタミナつけて！豚キムチ丼,0.068404211,0.112392982,0.089439298,0.003898947,0.001705396,0.00022254,6.1628e-06,9.9642e-06,3.916e-07,2.3027e-06,1.3641e-06,2.38596e-05,7e-09,9.8316e-06,7.224
https://www.kurashiru.com/recipes/2cc062ea-3327-4297-9e54-32dd18040ced,https://video.kurashiru.com/production/videos/2cc062ea-3327-4297-9e54-32dd18040ced/compressed_thumbnail_square_large.jpg?1692934481,どんぶりの定番 基本のカツ丼,0.100460151,0.084481797,0.104069859,0.003029518,0.001447773,0.000166815,5.8311e-06,9.7865e-06,5.05e-07,2.1512e-06,1.4315e-06,9.3736e-06,9.2e-09,3.181e-06,4.488
https://www.kurashiru.com/recipes/f586c5f8-c6af-4ab7-a489-d1ae71d22a83,https://video.kurashiru.com/production/videos/f586c5f8-c6af-4ab7-a489-d1ae71d22a83/compressed_thumbnail_square_large.jpg?1639367889,お惣菜トンカツでパパッと簡単！カツ丼,0.059655114,0.09012844,0.128415902,0.005363914,0.00141473,0.00012792,4.3011e-06,7.2671e-06,2.427e-07,1.9368e-06,8.226e-07,1.52837e-05,5.5e-09,9.3289e-06,5.3018
https://www.kurashiru.com/recipes/94dcb977-1143-498b-830b-9fb59c246b40,https://video.kurashiru.com/production/videos/94dcb977-1143-498b-830b-9fb59c246b40/compressed_thumbnail_square_large.jpg?1643953146,基本をマスター！鶏もも肉の照り焼きチキンステーキ,0.124286313,0.17675,0.029917598,0.002011173,0.001646285,0.000104609,7.5014e-06,1.23911e-05,4.171e-07,1.3402e-06,1.7405e-06,2.49078e-05,6.3e-09,6.9832e-06,3.567
https://www.kurashiru.com/recipes/fc4da712-7132-4c4c-9c72-860c22a9dd3c,https://video.kurashiru.com/production/videos/fc4da712-7132-4c4c-9c72-860c22a9dd3c/compressed_thumbnail_square_large.jpg?1713507622,簡単 照り焼きチキン,0.136140571,0.192986286,0.042305143,0.001809143,0.001572442,9.06514e-05,7.8358e-06,1.34015e-05,4.183e-07,1.1212e-06,1.8663e-06,3.17562e-05,8e-10,7.7893e-06,3.75
https://www.kurashiru.com/recipes/7c894888-3845-477f-b157-6ddbbe829cde,https://video.kurashiru.com/production/videos/7c894888-3845-477f-b157-6ddbbe829cde/compressed_thumbnail_square_large.jpg?1697175736,コクと旨味がたっぷり！牛丼屋さんの牛丼,0.031705366,0.158290732,0.124466341,0.003317073,0.000798254,0.000148088,6.5873e-06,8.8585e-06,4.06e-07,3.209e-07,5.546e-07,1.52195e-05,6.4e-09,1.17034e-05,3.5885
https://www.kurashiru.com/recipes/d355edd2-5c5c-4c16-9a31-787c49578bac,https://video.kurashiru.com/production/videos/d355edd2-5c5c-4c16-9a31-787c49578bac/compressed_thumbnail_square_large.jpg?1639367889,簡単 たっぷり玉ねぎの牛丼,0.034270042,0.097400844,0.132352321,0.003586498,0.000859768,0.000159958,7.1224e-06,9.5781e-06,4.39e-07,3.464e-07,5.992e-07,1.64557e-05,6.9e-09,3.9198e-06,3.586
https://www.kurashiru.com/recipes/cfa641af-559a-43a5-a7a3-a0f5712ea0b2,https://video.kurashiru.com/production/videos/cfa641af-559a-43a5-a7a3-a0f5712ea0b2/compressed_thumbnail_square_large.jpg?1639367889,やっぱりこれ！きのこの和風パスタ,0.033409091,0.036848485,0.141454545,0.031954545,0.001816667,6.65909e-05,5.9318e-06,7.0833e-06,1.978e-07,9.159e-07,9.492e-07,0.0,3.2e-09,2.5833e-06,4.184
https://www.kurashiru.com/recipes/c0f784dc-f41b-4c88-ac29-21216055cdce,https://video.kurashiru.com/production/videos/c0f784dc-f41b-4c88-ac29-21216055cdce/compressed_thumbnail_square_large.jpg?1639367889,冬に嬉しい！白菜とベーコンの和風クリームパスタ,0.044768747,0.133115079,0.130466065,0.016936918,0.00152604,0.000212199,5.1945e-06,6.9618e-06,1.689e-07,1.2581e-06,8.21e-07,7.3971e-05,2.4e-09,4.3073e-06,5.9604
https://www.kurashiru.com/recipes/906515c0-494e-4bb7-9b10-3842c0b2a993,https://video.kurashiru.com/production/videos/906515c0-494e-4bb7-9b10-3842c0b2a993/compressed_thumbnail_square_large.jpg?1639367889,濃厚！ぷりっぷり海老のトマトクリームパスタ,0.059255144,0.032138154,0.109469136,0.014057613,0.001870829,0.000226355,3.28671e-05,5.9053e-06,2.825e-07,5.089e-07,3.701e-07,5.03704e-05,1e-10,1.06196e-05,5.578
https://www.kurashiru.com/recipes/a407fd81-043e-4716-8100-bef09c52163d,https://video.kurashiru.com/production/videos/a407fd81-043e-4716-8100-bef09c52163d/compressed_thumbnail_square_large.jpg?1639367889,本格的！全卵でつくる濃厚カルボナーラ,0.096299526,0.129237726,0.113822782,0.014625323,0.001144789,0.001790385,5.7549e-06,6.2771e-06,1.0339e-06,1.0515e-06,1.7193e-06,5.01809e-05,5.6e-09,7.0444e-06,6.1429
https://www.kurashiru.com/recipes/ec9faaf4-600a-40ed-911f-3e406c8a7a82,https://video.kurashiru.com/production/videos/ec9faaf4-600a-40ed-911f-3e406c8a7a82/compressed_thumbnail_square_large.jpg?1639367889,海老とアボカドの冷製ジェノベーゼパスタ,0.071273043,0.055968696,0.1588,0.024069565,0.002161739,0.00021447,7.3217e-06,7.0783e-06,1.72e-08,5.078e-07,6.922e-07,4.03478e-05,0.0,1.25391e-05,4.2595
https://www.kurashiru.com/recipes/9f1bb89f-fb8a-4545-9847-35584ee7350f,https://video.kurashiru.com/production/videos/9f1bb89f-fb8a-4545-9847-35584ee7350f/compressed_thumbnail_square_large.jpg?1645164039,ほうれん草のおひたし,0.02562215,0.002638436,0.020638436,0.031661238,0.004770033,0.000641564,1.95831e-05,7.2117e-06,3.0782e-06,1.0261e-06,1.9583e-06,0.0003078176,0.0,1.84691e-05,3.1075
https://www.kurashiru.com/recipes/f8f127ff-be91-4b22-a251-174ce777dda9,https://video.kurashiru.com/production/videos/f8f127ff-be91-4b22-a251-174ce777dda9/compressed_thumbnail_square_large.jpg?1639367889,レンジで簡単！ほうれん草とえのきのおひたし,0.022737819,0.002085847,0.073726218,0.031426914,0.00393884,0.000458422,1.60557e-05,6.3434e-06,2.1926e-06,1.107e-06,1.6782e-06,0.0002192575,1.6e-09,1.31601e-05,3.054
https://www.kurashiru.com/recipes/81cfe26b-1119-4e1a-991d-5eb802527dc4,https://video.kurashiru.com/production/videos/81cfe26b-1119-4e1a-991d-5eb802527dc4/compressed_thumbnail_square_large.jpg?1639367889,簡単 じゃがいものポトフ,0.022916201,0.03392498,0.059644054,0.055546688,0.003080287,0.000121883,6.3847e-06,3.2817e-06,1.6543e-06,0.0017486563,4.659e-07,0.0001821588,5e-10,1.5435e-06,3.6395
https://www.kurashiru.com/recipes/1258d283-820f-496c-9f86-41a445f6b93a,https://video.kurashiru.com/production/videos/1258d283-820f-496c-9f86-41a445f6b93a/compressed_thumbnail_square_large.jpg?1613520387,ほっこり ジャガイモのポトフ,0.020669169,0.028586253,0.055506173,0.04981348,0.002838739,0.000163916,5.8053e-06,3.0022e-06,1.405e-06,0.0014622271,4.433e-07,0.0002229897,4e-10,2.1945e-06,3.142
https://www.kurashiru.com/recipes/38451e47-1a6c-42ef-9538-e21ae6953e19,https://video.kurashiru.com/production/videos/38451e47-1a6c-42ef-9538-e21ae6953e19/compressed_thumbnail_square_large.jpg?1655781953,サクサク！イカリングフライ,0.112323786,0.017526292,0.089814947,0.002903334,0.002621727,0.000206914,3.8679e-06,1.22088e-05,4.541e-07,1.4484e-06,9.71e-07,3.57216e-05,7.2e-09,1.68716e-05,2.0354
https://www.kurashiru.com/recipes/0ff63ee8-fb6a-4712-b56d-552377f90218,https://video.kurashiru.com/production/videos/0ff63ee8-fb6a-4712-b56d-552377f90218/compressed_thumbnail_square_large.jpg?1639367889,きのこたっぷり！炊き込みご飯,0.021039891,0.012942883,0.107650045,0.015196736,0.001489646,0.000224551,3.447e-06,4.3608e-06,1.8793e-06,0.0019858073,5.697e-07,1.7815e-06,4.8e-09,1.7262e-06,4.1195
https://www.kurashiru.com/recipes/6f8d6f65-c2d4-40be-a9e4-ac76bf09ff01,https://video.kurashiru.com/production/videos/6f8d6f65-c2d4-40be-a9e4-ac76bf09ff01/compressed_thumbnail_square_large.jpg?1708491514,具だくさん炊き込みご飯,0.019519931,0.011779896,0.106467938,0.019774697,0.001483726,0.000273085,3.8388e-06,4.4575e-06,1.7938e-06,0.0018979927,4.106e-07,1.5295e-06,7e-10,2.4194e-06,3.622
https://www.kurashiru.com/recipes/8b16358d-c8e2-4f80-ab9a-f4b44a8d900a,https://video.kurashiru.com/production/videos/8b16358d-c8e2-4f80-ab9a-f4b44a8d900a/compressed_thumbnail_square_large.jpg?1629160019,揚げ焼きで簡単 ナスの煮浸し,0.010428256,0.17195585,0.090379691,0.016247241,0.001880684,0.000163775,3.8278e-06,2.0221e-06,5.1e-08,3.623e-07,5.062e-07,6.5342e-06,0.0,2.02384e-05,2.6505
https://www.kurashiru.com/recipes/91c6b6a8-3a5b-4b3b-aa7b-58f17973cf1c,https://video.kurashiru.com/production/videos/91c6b6a8-3a5b-4b3b-aa7b-58f17973cf1c/compressed_thumbnail_square_large.jpg?1639367889,ほうれん草とベーコンとツナのキッシュ,0.067950865,0.185001185,0.299775496,0.004005056,0.001301967,0.000251442,3.8558e-06,3.2251e-06,5.031e-07,4.552e-07,6.031e-07,5.40438e-05,4.3e-09,4.7053e-06,5.7459
https://www.kurashiru.com/recipes/a019e690-2189-4d4f-983a-d2ce97c9d3a3,https://video.kurashiru.com/production/videos/a019e690-2189-4d4f-983a-d2ce97c9d3a3/compressed_thumbnail_square_large.jpg?1635770129,ハロウィンの季節！パンプキンミートパイ,0.051440367,0.135486239,0.240552127,0.008410342,0.001764248,0.000122736,4.8788e-06,6.4145e-06,8.178e-07,0.0006093593,4.887e-07,3.38796e-05,2e-09,5.8688e-06,7.635
https://www.kurashiru.com/recipes/b9399c72-56d9-4a66-b9df-ca421a7b9395,https://video.kurashiru.com/production/videos/b9399c72-56d9-4a66-b9df-ca421a7b9395/compressed_thumbnail_square_large.jpg?1639367889,甘辛 さんまの蒲焼き,0.039060934,0.136049425,0.151950575,0.001100203,0.00065805,5.30806e-05,3.4211e-06,3.2519e-06,4.86e-08,1.031e-07,6.978e-07,1.8687e-06,2.06e-08,1.61374e-05,3.273
https://www.kurashiru.com/recipes/e3d7ed0f-b292-4cc3-99b3-c3dd5827d254,https://video.kurashiru.com/production/videos/e3d7ed0f-b292-4cc3-99b3-c3dd5827d254/compressed_thumbnail_square_large.jpg?1669257538,簡単うまうま 白菜と豚バラのミルフィーユ鍋,0.11581463,0.278749792,0.013187864,0.003719036,0.002401796,0.000135802,6.3982e-06,0.0001472735,7.35e-08,3.8436e-06,1.0616e-06,1.96675e-05,4e-09,4.2286e-06,3.634
https://www.kurashiru.com/recipes/9757cc33-4302-4db2-9236-9e5d138d6167,https://video.kurashiru.com/production/videos/9757cc33-4302-4db2-9236-9e5d138d6167/compressed_thumbnail_square_large.jpg?1704777905,とろーりチーズの白菜と豚バラの節約水なし鍋,0.153753643,0.296881332,0.012764053,0.006280361,0.001942096,0.001811332,5.1527e-06,0.0001225066,7.499e-07,3.2949e-06,1.6518e-06,1.63081e-05,3.4e-09,6.3865e-06,2.791
https://www.kurashiru.com/recipes/4d7c4406-2736-48f9-8b3e-1d1f46302480,https://video.kurashiru.com/production/videos/4d7c4406-2736-48f9-8b3e-1d1f46302480/compressed_thumbnail_square_large.jpg?1639367889,旨うま！オニオングラタンスープ,0.121205645,0.131514113,0.091925403,0.013941532,0.001297278,0.002610383,3.8508e-06,3.6109e-06,1.21e-06,1.4857e-06,1.6903e-06,8.75e-05,1.1e-09,5.5101e-06,5.3025
https://www.kurashiru.com/recipes/57770d0e-b22e-46d5-8bb1-c671e27974a3,https://video.kurashiru.com/production/videos/57770d0e-b22e-46d5-8bb1-c671e27974a3/compressed_thumbnail_square_large.jpg?1640139684,簡単副菜！タコときゅうりの酢の物,0.107204545,0.001369318,0.070840909,0.003392045,0.002211534,0.000210227,2.2614e-06,1.28494e-05,1.177e-07,2.923e-07,4.304e-07,3.91477e-05,0.0,1.38011e-05,1.2245
https://www.kurashiru.com/recipes/3a2cbf2e-290d-4778-b686-8cc171af3efb,https://video.kurashiru.com/production/videos/3a2cbf2e-290d-4778-b686-8cc171af3efb/compressed_thumbnail_square_large.jpg?1707876197,夏にぴったり！トマトツナそうめん,0.034505181,0.057814335,0.123366149,0.007889465,0.001178756,0.000259637,4.8187e-06,2.8523e-06,1.589e-07,5.459e-07,8.627e-07,4.36442e-05,4.8e-09,6.2867e-06,6.1485
https://www.kurashiru.com/recipes/ba47fe0a-4e28-423a-a773-a0d4d40b4778,https://video.kurashiru.com/production/videos/ba47fe0a-4e28-423a-a773-a0d4d40b4778/compressed_thumbnail_square_large.jpg?1639367889,甘辛ガーリックで！じゃがいもと豚肉のガーリック炒め,0.067726719,0.146069626,0.066856397,0.052469974,0.003376919,5.33159e-05,8.6458e-06,7.81453e-05,3.84e-08,2.4589e-06,7.221e-07,0.000148738,2.1e-09,2.1932e-06,3.267
https://www.kurashiru.com/recipes/56aa1409-f7d1-4968-af5b-810558eec51a,https://video.kurashiru.com/production/videos/56aa1409-f7d1-4968-af5b-810558eec51a/compressed_thumbnail_square_large.jpg?1713838449,きゅうりとツナのごま油和えおつまみ,0.085053763,0.211584229,0.046107527,0.009899642,0.002275269,0.000387742,8.4731e-06,4.7312e-06,1.272e-07,8.803e-07,8.186e-07,4.92473e-05,2.01e-08,1.66165e-05,1.3115
https://www.kurashiru.com/recipes/4163ed53-a1a6-48ed-bb7e-ab43ed3c4dd0,https://video.kurashiru.com/production/videos/4163ed53-a1a6-48ed-bb7e-ab43ed3c4dd0/compressed_thumbnail_square_large.jpg?1658371069,しらすとピーマンの炒めもの,0.032460177,0.179539823,0.04910177,0.01380531,0.001758274,0.000442035,6.0265e-06,3.9469e-06,3.916e-07,3.584e-07,3.478e-07,0.0004544248,3.23e-08,2.4646e-05,4.108
https://www.kurashiru.com/recipes/9ee73017-4b60-48aa-a048-770e32a1623f,https://video.kurashiru.com/production/videos/9ee73017-4b60-48aa-a048-770e32a1623f/compressed_thumbnail_square_large.jpg?1633592296,もう箸が止まらない 無限ゴーヤ,0.010820743,0.026672111,0.010369947,0.002683544,0.000407211,4.93998e-05,1.3859e-06,8.452e-07,1.55e-08,1.273e-07,1.486e-07,6.12495e-05,2.3e-09,2.263e-06,3.9355
https://www.kurashiru.com/recipes/7514b07b-7df8-4b5d-a022-0245633c4434,https://video.kurashiru.com/production/videos/7514b07b-7df8-4b5d-a022-0245633c4434/compressed_thumbnail_square_large.jpg?1654589572,苦さ控えめゴーヤチャンプルー,0.038829433,0.069463772,0.008382859,0.003439526,0.000766659,0.000204934,4.812e-06,2.68886e-05,1.652e-07,8.691e-07,5.394e-07,4.22893e-05,3.3e-09,2.4297e-06,4.6115
https://www.kurashiru.com/recipes/1363a830-aabd-4d05-8779-28c1f8d415d1,https://video.kurashiru.com/production/videos/1363a830-aabd-4d05-8779-28c1f8d415d1/compressed_thumbnail_square_large.jpg?1639367889,フライパンで見た目豪華！きのこと鶏のパエリア,0.110479714,0.124815036,0.050137232,0.007238663,0.001624702,9.63126e-05,8.3747e-06,1.18138e-05,2.986e-07,6.706e-07,1.6162e-06,3.42124e-05,1.2e-09,2.7148e-06,2.131
https://www.kurashiru.com/recipes/af3fe81f-5dab-4798-93b5-431c56a318f7,https://video.kurashiru.com/production/videos/af3fe81f-5dab-4798-93b5-431c56a318f7/compressed_thumbnail_square_large.jpg?1659586858,香りもごちそう 鮭のガリバタ醤油ムニエル,0.096229401,0.036193835,0.090346769,0.014333729,0.002576372,0.000262193,4.6526e-06,3.5382e-06,2.736e-07,1.8207e-06,1.3467e-06,0.000259016,1.519e-07,1.06929e-05,3.657
https://www.kurashiru.com/recipes/fa65b819-e4b8-49db-a8d2-469f2a46de7f,https://video.kurashiru.com/production/videos/fa65b819-e4b8-49db-a8d2-469f2a46de7f/compressed_thumbnail_square_large.jpg?1698121024,鮭ときのこのガーリックバター醤油炒め,0.086899796,0.102660532,0.103259714,0.011247444,0.003057935,0.000100368,4.0511e-06,4.8507e-06,1.53e-07,1.0397e-06,1.3599e-06,1.22699e-05,1.41e-07,1.40082e-05,3.84
https://www.kurashiru.com/recipes/992d043d-b49a-4bcc-82ec-991f187a704e,https://video.kurashiru.com/production/videos/992d043d-b49a-4bcc-82ec-991f187a704e/compressed_thumbnail_square_large.jpg?1691464204,カフェみたい 鮭と小松菜のクリームペンネ,0.040961106,0.02824096,0.082715588,0.00318505,0.000848095,0.000320325,3.5184e-06,1.6247e-06,4.103e-07,2.417e-07,4.155e-07,2.67396e-05,3.9e-08,4.0826e-06,10.286
https://www.kurashiru.com/recipes/42eba232-e208-4f31-9611-7f04754f302a,https://video.kurashiru.com/production/videos/42eba232-e208-4f31-9611-7f04754f302a/compressed_thumbnail_square_large.jpg?1711076265,豆腐とオクラの塩昆布和え,0.037258821,0.047291871,0.035251898,0.013354846,0.001800603,0.000653423,1.01463e-05,4.5872e-06,6.34e-08,8.961e-07,4.952e-07,1.17977e-05,0.0,2.0692e-06,6.0175
https://www.kurashiru.com/recipes/5d79960e-bfe7-4b0f-9ca2-50609d3c34b1,https://video.kurashiru.com/production/videos/5d79960e-bfe7-4b0f-9ca2-50609d3c34b1/compressed_thumbnail_square_large.jpg?1681957557,たまごスティックポケットサンド,0.08581295,0.174956835,0.226676259,0.009928058,0.001052086,0.000396978,1.04892e-05,8.4604e-06,1.0211e-06,6.849e-07,1.423e-06,7.19e-08,9.8e-09,1.83453e-05,1.601
https://www.kurashiru.com/recipes/940e04fa-4c2b-44ab-ba6a-d34e289a4314,https://video.kurashiru.com/production/videos/940e04fa-4c2b-44ab-ba6a-d34e289a4314/compressed_thumbnail_square_large.jpg?1696570455,ナスとベーコンのトマトソースパスタ,0.035247506,0.054645262,0.113218204,0.019129676,0.00169601,0.000328678,4.8828e-06,5.3049e-06,2.086e-07,8.722e-07,5.254e-07,6.96883e-05,4e-10,6.6584e-06,11.0145
https://www.kurashiru.com/recipes/f3737cd8-89ed-4bb1-8e30-7f33edccb6c1,https://video.kurashiru.com/production/videos/f3737cd8-89ed-4bb1-8e30-7f33edccb6c1/compressed_thumbnail_square_large.jpg?1684718541,うま辛 カレー風味のチーズタッカルビ,0.105344006,0.137597356,0.063347524,0.015931212,0.002191265,0.000779552,1.07054e-05,9.2025e-06,1.5274e-06,0.0009819626,1.6984e-06,4.08212e-05,4e-10,7.9533e-06,6.6724
https://www.kurashiru.com/recipes/32e91e87-7b9a-414f-b336-2f95e2e93533,https://video.kurashiru.com/production/videos/32e91e87-7b9a-414f-b336-2f95e2e93533/compressed_thumbnail_square_large.jpg?1639367889,千切りキャベツ山盛り！キャベツお好み焼き,0.08758076,0.279303956,0.065285045,0.00630465,0.001922776,0.00025812,8.9428e-06,9.37067e-05,3.649e-07,2.6032e-06,1.187e-06,6.52238e-05,7.4e-09,1.65861e-05,4.0415
https://www.kurashiru.com/recipes/1a54102d-3b31-4f7f-9821-1d15f3871de7,https://video.kurashiru.com/production/videos/1a54102d-3b31-4f7f-9821-1d15f3871de7/compressed_thumbnail_square_large.jpg?1709695665,絶品！ごま油とお塩のやみつきおにぎり,0.013603645,0.060519362,0.152615034,0.003298405,0.000229613,0.000198952,1.6538e-06,3.7039e-06,8.03e-08,1.727e-07,8.06e-08,2.369e-06,1e-10,5.968e-07,1.3095
https://www.kurashiru.com/recipes/56a85c2f-a00a-4d12-b6be-6f03b56e7e27,https://video.kurashiru.com/production/videos/56a85c2f-a00a-4d12-b6be-6f03b56e7e27/compressed_thumbnail_square_large.jpg?1693535077,簡単！トースターで焼く味噌焼きおにぎり,0.010674242,0.135178027,0.173003788,0.00242803,0.222613636,0.041666667,0.0014356061,0.0026477273,0.0,8.59848e-05,4.84848e-05,0.0,0.0,0.0158863636,1.154
